MDVP:Fo(Hz),MDVP:Fhi(Hz),MDVP:Flo(Hz),MDVP:Jitter(%),MDVP:RAP,MDVP:PPQ,Jitter:DDP,MDVP:Shimmer,MDVP:Shimmer(dB),Shimmer:APQ3,Shimmer:APQ5,MDVP:APQ,Shimmer:DDA,NHR,HNR,RPDE,DFA,spread1,spread2,D2,PPE
164.39172366689397,185.39499269007564,86.70973641999957,0.0030010024422883076,0.0015418991866024655,0.0015262514755386202,0.004625697559807396,0.006797398043569006,0.07003871124066209,0.0033333706952699805,0.003593523631688898,0.004805150974229235,0.010000112085809941,0.024793377,77.17830637532596,7.666537852732325,0.8780838,-1.8179632693098515,4.358806335081848,38.55718085106383,0.101625
